{"cameraMode":{"drawMode":0,"name":"Shaded","section":"Shading Mode"},"sceneLighting":true,"audioPlay":false,"sceneViewState":{"m_AlwaysRefresh":false,"showFog":true,"showSkybox":true,"showFlares":true,"showImageEffects":true,"showParticleSystems":true,"showVisualEffectGraphs":true,"m_FxEnabled":false},"in2DMode":false,"pivot":{"x":-2.578110456466675,"y":0.19999998807907105,"z":2.1812667846679689},"rotation":{"x":0.06725319474935532,"y":0.07594746351242066,"z":0.0051343683153390888,"w":-0.9948302507400513},"size":0.8660253882408142,"orthographic":false}